,DATE,1610612749,1610612761,1610612755,1610612738,1610612754,1610612751,1610612753,1610612765,1610612766,1610612748,1610612764,1610612737,1610612741,1610612739,1610612752,1610612744,1610612743,1610612745,1610612757,1610612762,1610612760,1610612746,1610612759,1610612758,1610612747,1610612750,1610612742,1610612763,1610612740,1610612756
0,2019-10-22,1651.41,1632.93,1574.5,1559.17,1551.66,1508.08,1508.08,1500.93,1486.62,1486.62,1435.01,1411.37,1350.08,1320.34,1299.1,1624.02,1598.5,1590.35,1590.35,1566.78,1559.17,1551.66,1551.66,1486.62,1472.21,1464.93,1442.63,1442.63,1442.63,1320.34
1,2019-10-23,,,,,,,,,,,,,,,,,,,,,,,,,,,,,,
2,2019-10-24,,,,,,,,,,,,,,,,,,,,,,,,,,,,,,
3,2019-10-25,,,,,,,,,,,,,,,,,,,,,,,,,,,,,,
4,2019-10-26,,,,,,,,,,,,,,,,,,,,,,,,,,,,,,
5,2019-10-27,,,,,,,,,,,,,,,,,,,,,,,,,,,,,,
6,2019-10-28,,,,,,,,,,,,,,,,,,,,,,,,,,,,,,
7,2019-10-29,,,,,,,,,,,,,,,,,,,,,,,,,,,,,,
8,2019-10-30,,,,,,,,,,,,,,,,,,,,,,,,,,,,,,
9,2019-10-31,,,,,,,,,,,,,,,,,,,,,,,,,,,,,,
10,2019-11-01,,,,,,,,,,,,,,,,,,,,,,,,,,,,,,
11,2019-11-02,,,,,,,,,,,,,,,,,,,,,,,,,,,,,,
12,2019-11-03,,,,,,,,,,,,,,,,,,,,,,,,,,,,,,
13,2019-11-04,,,,,,,,,,,,,,,,,,,,,,,,,,,,,,
14,2019-11-05,,,,,,,,,,,,,,,,,,,,,,,,,,,,,,
15,2019-11-06,,,,,,,,,,,,,,,,,,,,,,,,,,,,,,
16,2019-11-07,,,,,,,,,,,,,,,,,,,,,,,,,,,,,,
17,2019-11-08,,,,,,,,,,,,,,,,,,,,,,,,,,,,,,
18,2019-11-09,,,,,,,,,,,,,,,,,,,,,,,,,,,,,,
19,2019-11-10,,,,,,,,,,,,,,,,,,,,,,,,,,,,,,
20,2019-11-11,,,,,,,,,,,,,,,,,,,,,,,,,,,,,,
21,2019-11-12,,,,,,,,,,,,,,,,,,,,,,,,,,,,,,
22,2019-11-13,,,,,,,,,,,,,,,,,,,,,,,,,,,,,,
23,2019-11-14,,,,,,,,,,,,,,,,,,,,,,,,,,,,,,
24,2019-11-15,,,,,,,,,,,,,,,,,,,,,,,,,,,,,,
25,2019-11-16,,,,,,,,,,,,,,,,,,,,,,,,,,,,,,
26,2019-11-17,,,,,,,,,,,,,,,,,,,,,,,,,,,,,,
27,2019-11-18,,,,,,,,,,,,,,,,,,,,,,,,,,,,,,
28,2019-11-19,,,,,,,,,,,,,,,,,,,,,,,,,,,,,,
29,2019-11-20,,,,,,,,,,,,,,,,,,,,,,,,,,,,,,
30,2019-11-21,,,,,,,,,,,,,,,,,,,,,,,,,,,,,,
31,2019-11-22,,,,,,,,,,,,,,,,,,,,,,,,,,,,,,
32,2019-11-23,,,,,,,,,,,,,,,,,,,,,,,,,,,,,,
33,2019-11-24,,,,,,,,,,,,,,,,,,,,,,,,,,,,,,
34,2019-11-25,,,,,,,,,,,,,,,,,,,,,,,,,,,,,,
35,2019-11-26,,,,,,,,,,,,,,,,,,,,,,,,,,,,,,
36,2019-11-27,,,,,,,,,,,,,,,,,,,,,,,,,,,,,,
37,2019-11-28,,,,,,,,,,,,,,,,,,,,,,,,,,,,,,
38,2019-11-29,,,,,,,,,,,,,,,,,,,,,,,,,,,,,,
39,2019-11-30,,,,,,,,,,,,,,,,,,,,,,,,,,,,,,
40,2019-12-01,,,,,,,,,,,,,,,,,,,,,,,,,,,,,,
41,2019-12-02,,,,,,,,,,,,,,,,,,,,,,,,,,,,,,
42,2019-12-03,,,,,,,,,,,,,,,,,,,,,,,,,,,,,,
43,2019-12-04,,,,,,,,,,,,,,,,,,,,,,,,,,,,,,
44,2019-12-05,,,,,,,,,,,,,,,,,,,,,,,,,,,,,,
45,2019-12-06,,,,,,,,,,,,,,,,,,,,,,,,,,,,,,
46,2019-12-07,,,,,,,,,,,,,,,,,,,,,,,,,,,,,,
47,2019-12-08,,,,,,,,,,,,,,,,,,,,,,,,,,,,,,
48,2019-12-09,,,,,,,,,,,,,,,,,,,,,,,,,,,,,,
49,2019-12-10,,,,,,,,,,,,,,,,,,,,,,,,,,,,,,
50,2019-12-11,,,,,,,,,,,,,,,,,,,,,,,,,,,,,,
51,2019-12-12,,,,,,,,,,,,,,,,,,,,,,,,,,,,,,
52,2019-12-13,,,,,,,,,,,,,,,,,,,,,,,,,,,,,,
53,2019-12-14,,,,,,,,,,,,,,,,,,,,,,,,,,,,,,
54,2019-12-15,,,,,,,,,,,,,,,,,,,,,,,,,,,,,,
55,2019-12-16,,,,,,,,,,,,,,,,,,,,,,,,,,,,,,
56,2019-12-17,,,,,,,,,,,,,,,,,,,,,,,,,,,,,,
57,2019-12-18,,,,,,,,,,,,,,,,,,,,,,,,,,,,,,
58,2019-12-19,,,,,,,,,,,,,,,,,,,,,,,,,,,,,,
59,2019-12-20,,,,,,,,,,,,,,,,,,,,,,,,,,,,,,
60,2019-12-21,,,,,,,,,,,,,,,,,,,,,,,,,,,,,,
61,2019-12-22,,,,,,,,,,,,,,,,,,,,,,,,,,,,,,
62,2019-12-23,,,,,,,,,,,,,,,,,,,,,,,,,,,,,,
63,2019-12-24,,,,,,,,,,,,,,,,,,,,,,,,,,,,,,
64,2019-12-25,,,,,,,,,,,,,,,,,,,,,,,,,,,,,,
65,2019-12-26,,,,,,,,,,,,,,,,,,,,,,,,,,,,,,
66,2019-12-27,,,,,,,,,,,,,,,,,,,,,,,,,,,,,,
67,2019-12-28,,,,,,,,,,,,,,,,,,,,,,,,,,,,,,
68,2019-12-29,,,,,,,,,,,,,,,,,,,,,,,,,,,,,,
69,2019-12-30,,,,,,,,,,,,,,,,,,,,,,,,,,,,,,
70,2019-12-31,,,,,,,,,,,,,,,,,,,,,,,,,,,,,,
71,2020-01-01,,,,,,,,,,,,,,,,,,,,,,,,,,,,,,
72,2020-01-02,,,,,,,,,,,,,,,,,,,,,,,,,,,,,,
73,2020-01-03,,,,,,,,,,,,,,,,,,,,,,,,,,,,,,
74,2020-01-04,,,,,,,,,,,,,,,,,,,,,,,,,,,,,,
75,2020-01-05,,,,,,,,,,,,,,,,,,,,,,,,,,,,,,
76,2020-01-06,,,,,,,,,,,,,,,,,,,,,,,,,,,,,,
77,2020-01-07,,,,,,,,,,,,,,,,,,,,,,,,,,,,,,
78,2020-01-08,,,,,,,,,,,,,,,,,,,,,,,,,,,,,,
79,2020-01-09,,,,,,,,,,,,,,,,,,,,,,,,,,,,,,
80,2020-01-10,,,,,,,,,,,,,,,,,,,,,,,,,,,,,,
81,2020-01-11,,,,,,,,,,,,,,,,,,,,,,,,,,,,,,
82,2020-01-12,,,,,,,,,,,,,,,,,,,,,,,,,,,,,,
83,2020-01-13,,,,,,,,,,,,,,,,,,,,,,,,,,,,,,
84,2020-01-14,,,,,,,,,,,,,,,,,,,,,,,,,,,,,,
85,2020-01-15,,,,,,,,,,,,,,,,,,,,,,,,,,,,,,
86,2020-01-16,,,,,,,,,,,,,,,,,,,,,,,,,,,,,,
87,2020-01-17,,,,,,,,,,,,,,,,,,,,,,,,,,,,,,
88,2020-01-18,,,,,,,,,,,,,,,,,,,,,,,,,,,,,,
89,2020-01-19,,,,,,,,,,,,,,,,,,,,,,,,,,,,,,
90,2020-01-20,,,,,,,,,,,,,,,,,,,,,,,,,,,,,,
91,2020-01-21,,,,,,,,,,,,,,,,,,,,,,,,,,,,,,
92,2020-01-22,,,,,,,,,,,,,,,,,,,,,,,,,,,,,,
93,2020-01-23,,,,,,,,,,,,,,,,,,,,,,,,,,,,,,
94,2020-01-24,,,,,,,,,,,,,,,,,,,,,,,,,,,,,,
95,2020-01-25,,,,,,,,,,,,,,,,,,,,,,,,,,,,,,
96,2020-01-26,,,,,,,,,,,,,,,,,,,,,,,,,,,,,,
97,2020-01-27,,,,,,,,,,,,,,,,,,,,,,,,,,,,,,
98,2020-01-28,,,,,,,,,,,,,,,,,,,,,,,,,,,,,,
99,2020-01-29,,,,,,,,,,,,,,,,,,,,,,,,,,,,,,
100,2020-01-30,,,,,,,,,,,,,,,,,,,,,,,,,,,,,,
101,2020-01-31,,,,,,,,,,,,,,,,,,,,,,,,,,,,,,
102,2020-02-01,,,,,,,,,,,,,,,,,,,,,,,,,,,,,,
103,2020-02-02,,,,,,,,,,,,,,,,,,,,,,,,,,,,,,
104,2020-02-03,,,,,,,,,,,,,,,,,,,,,,,,,,,,,,
105,2020-02-04,,,,,,,,,,,,,,,,,,,,,,,,,,,,,,
106,2020-02-05,,,,,,,,,,,,,,,,,,,,,,,,,,,,,,
107,2020-02-06,,,,,,,,,,,,,,,,,,,,,,,,,,,,,,
108,2020-02-07,,,,,,,,,,,,,,,,,,,,,,,,,,,,,,
109,2020-02-08,,,,,,,,,,,,,,,,,,,,,,,,,,,,,,
110,2020-02-09,,,,,,,,,,,,,,,,,,,,,,,,,,,,,,
111,2020-02-10,,,,,,,,,,,,,,,,,,,,,,,,,,,,,,
112,2020-02-11,,,,,,,,,,,,,,,,,,,,,,,,,,,,,,
113,2020-02-12,,,,,,,,,,,,,,,,,,,,,,,,,,,,,,
114,2020-02-13,,,,,,,,,,,,,,,,,,,,,,,,,,,,,,
115,2020-02-14,,,,,,,,,,,,,,,,,,,,,,,,,,,,,,
116,2020-02-15,,,,,,,,,,,,,,,,,,,,,,,,,,,,,,
117,2020-02-16,,,,,,,,,,,,,,,,,,,,,,,,,,,,,,
118,2020-02-17,,,,,,,,,,,,,,,,,,,,,,,,,,,,,,
119,2020-02-18,,,,,,,,,,,,,,,,,,,,,,,,,,,,,,
120,2020-02-19,,,,,,,,,,,,,,,,,,,,,,,,,,,,,,
121,2020-02-20,,,,,,,,,,,,,,,,,,,,,,,,,,,,,,
122,2020-02-21,,,,,,,,,,,,,,,,,,,,,,,,,,,,,,
123,2020-02-22,,,,,,,,,,,,,,,,,,,,,,,,,,,,,,
124,2020-02-23,,,,,,,,,,,,,,,,,,,,,,,,,,,,,,
125,2020-02-24,,,,,,,,,,,,,,,,,,,,,,,,,,,,,,
126,2020-02-25,,,,,,,,,,,,,,,,,,,,,,,,,,,,,,
127,2020-02-26,,,,,,,,,,,,,,,,,,,,,,,,,,,,,,
128,2020-02-27,,,,,,,,,,,,,,,,,,,,,,,,,,,,,,
129,2020-02-28,,,,,,,,,,,,,,,,,,,,,,,,,,,,,,
130,2020-02-29,,,,,,,,,,,,,,,,,,,,,,,,,,,,,,
131,2020-03-01,,,,,,,,,,,,,,,,,,,,,,,,,,,,,,
132,2020-03-02,,,,,,,,,,,,,,,,,,,,,,,,,,,,,,
133,2020-03-03,,,,,,,,,,,,,,,,,,,,,,,,,,,,,,
134,2020-03-04,,,,,,,,,,,,,,,,,,,,,,,,,,,,,,
135,2020-03-05,,,,,,,,,,,,,,,,,,,,,,,,,,,,,,
136,2020-03-06,,,,,,,,,,,,,,,,,,,,,,,,,,,,,,
137,2020-03-07,,,,,,,,,,,,,,,,,,,,,,,,,,,,,,
138,2020-03-08,,,,,,,,,,,,,,,,,,,,,,,,,,,,,,
139,2020-03-09,,,,,,,,,,,,,,,,,,,,,,,,,,,,,,
140,2020-03-10,,,,,,,,,,,,,,,,,,,,,,,,,,,,,,
141,2020-03-11,,,,,,,,,,,,,,,,,,,,,,,,,,,,,,
142,2020-03-12,,,,,,,,,,,,,,,,,,,,,,,,,,,,,,
143,2020-03-13,,,,,,,,,,,,,,,,,,,,,,,,,,,,,,
144,2020-03-14,,,,,,,,,,,,,,,,,,,,,,,,,,,,,,
145,2020-03-15,,,,,,,,,,,,,,,,,,,,,,,,,,,,,,
146,2020-03-16,,,,,,,,,,,,,,,,,,,,,,,,,,,,,,
147,2020-03-17,,,,,,,,,,,,,,,,,,,,,,,,,,,,,,
148,2020-03-18,,,,,,,,,,,,,,,,,,,,,,,,,,,,,,
149,2020-03-19,,,,,,,,,,,,,,,,,,,,,,,,,,,,,,
150,2020-03-20,,,,,,,,,,,,,,,,,,,,,,,,,,,,,,
151,2020-03-21,,,,,,,,,,,,,,,,,,,,,,,,,,,,,,
152,2020-03-22,,,,,,,,,,,,,,,,,,,,,,,,,,,,,,
153,2020-03-23,,,,,,,,,,,,,,,,,,,,,,,,,,,,,,
154,2020-03-24,,,,,,,,,,,,,,,,,,,,,,,,,,,,,,
155,2020-03-25,,,,,,,,,,,,,,,,,,,,,,,,,,,,,,
156,2020-03-26,,,,,,,,,,,,,,,,,,,,,,,,,,,,,,
157,2020-03-27,,,,,,,,,,,,,,,,,,,,,,,,,,,,,,
158,2020-03-28,,,,,,,,,,,,,,,,,,,,,,,,,,,,,,
159,2020-03-29,,,,,,,,,,,,,,,,,,,,,,,,,,,,,,
160,2020-03-30,,,,,,,,,,,,,,,,,,,,,,,,,,,,,,
161,2020-03-31,,,,,,,,,,,,,,,,,,,,,,,,,,,,,,
162,2020-04-01,,,,,,,,,,,,,,,,,,,,,,,,,,,,,,
163,2020-04-02,,,,,,,,,,,,,,,,,,,,,,,,,,,,,,
164,2020-04-03,,,,,,,,,,,,,,,,,,,,,,,,,,,,,,
165,2020-04-04,,,,,,,,,,,,,,,,,,,,,,,,,,,,,,
166,2020-04-05,,,,,,,,,,,,,,,,,,,,,,,,,,,,,,
167,2020-04-06,,,,,,,,,,,,,,,,,,,,,,,,,,,,,,
168,2020-04-07,,,,,,,,,,,,,,,,,,,,,,,,,,,,,,
169,2020-04-08,,,,,,,,,,,,,,,,,,,,,,,,,,,,,,
170,2020-04-09,,,,,,,,,,,,,,,,,,,,,,,,,,,,,,
171,2020-04-10,,,,,,,,,,,,,,,,,,,,,,,,,,,,,,
172,2020-04-11,,,,,,,,,,,,,,,,,,,,,,,,,,,,,,
173,2020-04-12,,,,,,,,,,,,,,,,,,,,,,,,,,,,,,
174,2020-04-13,,,,,,,,,,,,,,,,,,,,,,,,,,,,,,
175,2020-04-14,,,,,,,,,,,,,,,,,,,,,,,,,,,,,,
176,2020-04-15,,,,,,,,,,,,,,,,,,,,,,,,,,,,,,
177,2020-04-16,,,,,,,,,,,,,,,,,,,,,,,,,,,,,,
178,2020-04-17,,,,,,,,,,,,,,,,,,,,,,,,,,,,,,
179,2020-04-18,,,,,,,,,,,,,,,,,,,,,,,,,,,,,,
180,2020-04-19,,,,,,,,,,,,,,,,,,,,,,,,,,,,,,
181,2020-04-20,,,,,,,,,,,,,,,,,,,,,,,,,,,,,,
182,2020-04-21,,,,,,,,,,,,,,,,,,,,,,,,,,,,,,
183,2020-04-22,,,,,,,,,,,,,,,,,,,,,,,,,,,,,,
184,2020-04-23,,,,,,,,,,,,,,,,,,,,,,,,,,,,,,
185,2020-04-24,,,,,,,,,,,,,,,,,,,,,,,,,,,,,,
186,2020-04-25,,,,,,,,,,,,,,,,,,,,,,,,,,,,,,
187,2020-04-26,,,,,,,,,,,,,,,,,,,,,,,,,,,,,,
188,2020-04-27,,,,,,,,,,,,,,,,,,,,,,,,,,,,,,
189,2020-04-28,,,,,,,,,,,,,,,,,,,,,,,,,,,,,,
190,2020-04-29,,,,,,,,,,,,,,,,,,,,,,,,,,,,,,
191,2020-04-30,,,,,,,,,,,,,,,,,,,,,,,,,,,,,,
192,2020-05-01,,,,,,,,,,,,,,,,,,,,,,,,,,,,,,
193,2020-05-02,,,,,,,,,,,,,,,,,,,,,,,,,,,,,,
194,2020-05-03,,,,,,,,,,,,,,,,,,,,,,,,,,,,,,
195,2020-05-04,,,,,,,,,,,,,,,,,,,,,,,,,,,,,,
196,2020-05-05,,,,,,,,,,,,,,,,,,,,,,,,,,,,,,
197,2020-05-06,,,,,,,,,,,,,,,,,,,,,,,,,,,,,,
198,2020-05-07,,,,,,,,,,,,,,,,,,,,,,,,,,,,,,
199,2020-05-08,,,,,,,,,,,,,,,,,,,,,,,,,,,,,,
200,2020-05-09,,,,,,,,,,,,,,,,,,,,,,,,,,,,,,
201,2020-05-10,,,,,,,,,,,,,,,,,,,,,,,,,,,,,,
202,2020-05-11,,,,,,,,,,,,,,,,,,,,,,,,,,,,,,
203,2020-05-12,,,,,,,,,,,,,,,,,,,,,,,,,,,,,,
204,2020-05-13,,,,,,,,,,,,,,,,,,,,,,,,,,,,,,
205,2020-05-14,,,,,,,,,,,,,,,,,,,,,,,,,,,,,,
206,2020-05-15,,,,,,,,,,,,,,,,,,,,,,,,,,,,,,
207,2020-05-16,,,,,,,,,,,,,,,,,,,,,,,,,,,,,,
208,2020-05-17,,,,,,,,,,,,,,,,,,,,,,,,,,,,,,
209,2020-05-18,,,,,,,,,,,,,,,,,,,,,,,,,,,,,,
210,2020-05-19,,,,,,,,,,,,,,,,,,,,,,,,,,,,,,
211,2020-05-20,,,,,,,,,,,,,,,,,,,,,,,,,,,,,,
212,2020-05-21,,,,,,,,,,,,,,,,,,,,,,,,,,,,,,
213,2020-05-22,,,,,,,,,,,,,,,,,,,,,,,,,,,,,,
214,2020-05-23,,,,,,,,,,,,,,,,,,,,,,,,,,,,,,
215,2020-05-24,,,,,,,,,,,,,,,,,,,,,,,,,,,,,,
216,2020-05-25,,,,,,,,,,,,,,,,,,,,,,,,,,,,,,
217,2020-05-26,,,,,,,,,,,,,,,,,,,,,,,,,,,,,,
218,2020-05-27,,,,,,,,,,,,,,,,,,,,,,,,,,,,,,
219,2020-05-28,,,,,,,,,,,,,,,,,,,,,,,,,,,,,,
220,2020-05-29,,,,,,,,,,,,,,,,,,,,,,,,,,,,,,
221,2020-05-30,,,,,,,,,,,,,,,,,,,,,,,,,,,,,,
222,2020-05-31,,,,,,,,,,,,,,,,,,,,,,,,,,,,,,
223,2020-06-01,,,,,,,,,,,,,,,,,,,,,,,,,,,,,,
224,2020-06-02,,,,,,,,,,,,,,,,,,,,,,,,,,,,,,
225,2020-06-03,,,,,,,,,,,,,,,,,,,,,,,,,,,,,,
226,2020-06-04,,,,,,,,,,,,,,,,,,,,,,,,,,,,,,
227,2020-06-05,,,,,,,,,,,,,,,,,,,,,,,,,,,,,,
228,2020-06-06,,,,,,,,,,,,,,,,,,,,,,,,,,,,,,
229,2020-06-07,,,,,,,,,,,,,,,,,,,,,,,,,,,,,,
230,2020-06-08,,,,,,,,,,,,,,,,,,,,,,,,,,,,,,
231,2020-06-09,,,,,,,,,,,,,,,,,,,,,,,,,,,,,,
232,2020-06-10,,,,,,,,,,,,,,,,,,,,,,,,,,,,,,
233,2020-06-11,,,,,,,,,,,,,,,,,,,,,,,,,,,,,,
234,2020-06-12,,,,,,,,,,,,,,,,,,,,,,,,,,,,,,
235,2020-06-13,,,,,,,,,,,,,,,,,,,,,,,,,,,,,,
236,2020-06-14,,,,,,,,,,,,,,,,,,,,,,,,,,,,,,
237,2020-06-15,,,,,,,,,,,,,,,,,,,,,,,,,,,,,,
238,2020-06-16,,,,,,,,,,,,,,,,,,,,,,,,,,,,,,
239,2020-06-17,,,,,,,,,,,,,,,,,,,,,,,,,,,,,,
240,2020-06-18,,,,,,,,,,,,,,,,,,,,,,,,,,,,,,
241,2020-06-19,,,,,,,,,,,,,,,,,,,,,,,,,,,,,,
242,2020-06-20,,,,,,,,,,,,,,,,,,,,,,,,,,,,,,
243,2020-06-21,,,,,,,,,,,,,,,,,,,,,,,,,,,,,,
244,2020-06-22,,,,,,,,,,,,,,,,,,,,,,,,,,,,,,
245,2020-06-23,,,,,,,,,,,,,,,,,,,,,,,,,,,,,,
246,2020-06-24,,,,,,,,,,,,,,,,,,,,,,,,,,,,,,
247,2020-06-25,,,,,,,,,,,,,,,,,,,,,,,,,,,,,,
248,2020-06-26,,,,,,,,,,,,,,,,,,,,,,,,,,,,,,
249,2020-06-27,,,,,,,,,,,,,,,,,,,,,,,,,,,,,,
250,2020-06-28,,,,,,,,,,,,,,,,,,,,,,,,,,,,,,
251,2020-06-29,,,,,,,,,,,,,,,,,,,,,,,,,,,,,,
252,2020-06-30,,,,,,,,,,,,,,,,,,,,,,,,,,,,,,
253,2020-07-01,,,,,,,,,,,,,,,,,,,,,,,,,,,,,,
254,2020-07-02,,,,,,,,,,,,,,,,,,,,,,,,,,,,,,
255,2020-07-03,,,,,,,,,,,,,,,,,,,,,,,,,,,,,,
256,2020-07-04,,,,,,,,,,,,,,,,,,,,,,,,,,,,,,
257,2020-07-05,,,,,,,,,,,,,,,,,,,,,,,,,,,,,,
258,2020-07-06,,,,,,,,,,,,,,,,,,,,,,,,,,,,,,
259,2020-07-07,,,,,,,,,,,,,,,,,,,,,,,,,,,,,,
260,2020-07-08,,,,,,,,,,,,,,,,,,,,,,,,,,,,,,
261,2020-07-09,,,,,,,,,,,,,,,,,,,,,,,,,,,,,,
262,2020-07-10,,,,,,,,,,,,,,,,,,,,,,,,,,,,,,
263,2020-07-11,,,,,,,,,,,,,,,,,,,,,,,,,,,,,,
264,2020-07-12,,,,,,,,,,,,,,,,,,,,,,,,,,,,,,
265,2020-07-13,,,,,,,,,,,,,,,,,,,,,,,,,,,,,,
266,2020-07-14,,,,,,,,,,,,,,,,,,,,,,,,,,,,,,
267,2020-07-15,,,,,,,,,,,,,,,,,,,,,,,,,,,,,,
268,2020-07-16,,,,,,,,,,,,,,,,,,,,,,,,,,,,,,
269,2020-07-17,,,,,,,,,,,,,,,,,,,,,,,,,,,,,,
270,2020-07-18,,,,,,,,,,,,,,,,,,,,,,,,,,,,,,
271,2020-07-19,,,,,,,,,,,,,,,,,,,,,,,,,,,,,,
272,2020-07-20,,,,,,,,,,,,,,,,,,,,,,,,,,,,,,
273,2020-07-21,,,,,,,,,,,,,,,,,,,,,,,,,,,,,,
274,2020-07-22,,,,,,,,,,,,,,,,,,,,,,,,,,,,,,
275,2020-07-23,,,,,,,,,,,,,,,,,,,,,,,,,,,,,,
276,2020-07-24,,,,,,,,,,,,,,,,,,,,,,,,,,,,,,
277,2020-07-25,,,,,,,,,,,,,,,,,,,,,,,,,,,,,,
278,2020-07-26,,,,,,,,,,,,,,,,,,,,,,,,,,,,,,
279,2020-07-27,,,,,,,,,,,,,,,,,,,,,,,,,,,,,,
280,2020-07-28,,,,,,,,,,,,,,,,,,,,,,,,,,,,,,
281,2020-07-29,,,,,,,,,,,,,,,,,,,,,,,,,,,,,,
282,2020-07-30,,,,,,,,,,,,,,,,,,,,,,,,,,,,,,
283,2020-07-31,,,,,,,,,,,,,,,,,,,,,,,,,,,,,,
284,2020-08-01,,,,,,,,,,,,,,,,,,,,,,,,,,,,,,
285,2020-08-02,,,,,,,,,,,,,,,,,,,,,,,,,,,,,,
286,2020-08-03,,,,,,,,,,,,,,,,,,,,,,,,,,,,,,
287,2020-08-04,,,,,,,,,,,,,,,,,,,,,,,,,,,,,,
288,2020-08-05,,,,,,,,,,,,,,,,,,,,,,,,,,,,,,
289,2020-08-06,,,,,,,,,,,,,,,,,,,,,,,,,,,,,,
290,2020-08-07,,,,,,,,,,,,,,,,,,,,,,,,,,,,,,
291,2020-08-08,,,,,,,,,,,,,,,,,,,,,,,,,,,,,,
292,2020-08-09,,,,,,,,,,,,,,,,,,,,,,,,,,,,,,
293,2020-08-10,,,,,,,,,,,,,,,,,,,,,,,,,,,,,,
294,2020-08-11,,,,,,,,,,,,,,,,,,,,,,,,,,,,,,
295,2020-08-12,,,,,,,,,,,,,,,,,,,,,,,,,,,,,,
296,2020-08-13,,,,,,,,,,,,,,,,,,,,,,,,,,,,,,
297,2020-08-14,,,,,,,,,,,,,,,,,,,,,,,,,,,,,,
298,2020-08-15,,,,,,,,,,,,,,,,,,,,,,,,,,,,,,
299,2020-08-16,,,,,,,,,,,,,,,,,,,,,,,,,,,,,,
300,2020-08-17,,,,,,,,,,,,,,,,,,,,,,,,,,,,,,
301,2020-08-18,,,,,,,,,,,,,,,,,,,,,,,,,,,,,,
302,2020-08-19,,,,,,,,,,,,,,,,,,,,,,,,,,,,,,
303,2020-08-20,,,,,,,,,,,,,,,,,,,,,,,,,,,,,,
304,2020-08-21,,,,,,,,,,,,,,,,,,,,,,,,,,,,,,
305,2020-08-22,,,,,,,,,,,,,,,,,,,,,,,,,,,,,,
306,2020-08-23,,,,,,,,,,,,,,,,,,,,,,,,,,,,,,
307,2020-08-24,,,,,,,,,,,,,,,,,,,,,,,,,,,,,,
308,2020-08-25,,,,,,,,,,,,,,,,,,,,,,,,,,,,,,
309,2020-08-26,,,,,,,,,,,,,,,,,,,,,,,,,,,,,,
310,2020-08-27,,,,,,,,,,,,,,,,,,,,,,,,,,,,,,
311,2020-08-28,,,,,,,,,,,,,,,,,,,,,,,,,,,,,,
312,2020-08-29,,,,,,,,,,,,,,,,,,,,,,,,,,,,,,
313,2020-08-30,,,,,,,,,,,,,,,,,,,,,,,,,,,,,,
314,2020-08-31,,,,,,,,,,,,,,,,,,,,,,,,,,,,,,
315,2020-09-01,,,,,,,,,,,,,,,,,,,,,,,,,,,,,,
316,2020-09-02,,,,,,,,,,,,,,,,,,,,,,,,,,,,,,
317,2020-09-03,,,,,,,,,,,,,,,,,,,,,,,,,,,,,,
318,2020-09-04,,,,,,,,,,,,,,,,,,,,,,,,,,,,,,
319,2020-09-05,,,,,,,,,,,,,,,,,,,,,,,,,,,,,,
320,2020-09-06,,,,,,,,,,,,,,,,,,,,,,,,,,,,,,
321,2020-09-07,,,,,,,,,,,,,,,,,,,,,,,,,,,,,,
322,2020-09-08,,,,,,,,,,,,,,,,,,,,,,,,,,,,,,
323,2020-09-09,,,,,,,,,,,,,,,,,,,,,,,,,,,,,,
324,2020-09-10,,,,,,,,,,,,,,,,,,,,,,,,,,,,,,
325,2020-09-11,,,,,,,,,,,,,,,,,,,,,,,,,,,,,,
326,2020-09-12,,,,,,,,,,,,,,,,,,,,,,,,,,,,,,
327,2020-09-13,,,,,,,,,,,,,,,,,,,,,,,,,,,,,,
328,2020-09-14,,,,,,,,,,,,,,,,,,,,,,,,,,,,,,
329,2020-09-15,,,,,,,,,,,,,,,,,,,,,,,,,,,,,,
330,2020-09-16,,,,,,,,,,,,,,,,,,,,,,,,,,,,,,
331,2020-09-17,,,,,,,,,,,,,,,,,,,,,,,,,,,,,,
332,2020-09-18,,,,,,,,,,,,,,,,,,,,,,,,,,,,,,
333,2020-09-19,,,,,,,,,,,,,,,,,,,,,,,,,,,,,,
334,2020-09-20,,,,,,,,,,,,,,,,,,,,,,,,,,,,,,
335,2020-09-21,,,,,,,,,,,,,,,,,,,,,,,,,,,,,,
336,2020-09-22,,,,,,,,,,,,,,,,,,,,,,,,,,,,,,
337,2020-09-23,,,,,,,,,,,,,,,,,,,,,,,,,,,,,,
338,2020-09-24,,,,,,,,,,,,,,,,,,,,,,,,,,,,,,
339,2020-09-25,,,,,,,,,,,,,,,,,,,,,,,,,,,,,,
340,2020-09-26,,,,,,,,,,,,,,,,,,,,,,,,,,,,,,
341,2020-09-27,,,,,,,,,,,,,,,,,,,,,,,,,,,,,,
342,2020-09-28,,,,,,,,,,,,,,,,,,,,,,,,,,,,,,
343,2020-09-29,,,,,,,,,,,,,,,,,,,,,,,,,,,,,,
344,2020-09-30,,,,,,,,,,,,,,,,,,,,,,,,,,,,,,
345,2020-10-01,,,,,,,,,,,,,,,,,,,,,,,,,,,,,,
346,2020-10-02,,,,,,,,,,,,,,,,,,,,,,,,,,,,,,
347,2020-10-03,,,,,,,,,,,,,,,,,,,,,,,,,,,,,,
348,2020-10-04,,,,,,,,,,,,,,,,,,,,,,,,,,,,,,
349,2020-10-05,,,,,,,,,,,,,,,,,,,,,,,,,,,,,,
350,2020-10-06,,,,,,,,,,,,,,,,,,,,,,,,,,,,,,
351,2020-10-07,,,,,,,,,,,,,,,,,,,,,,,,,,,,,,
352,2020-10-08,,,,,,,,,,,,,,,,,,,,,,,,,,,,,,
353,2020-10-09,,,,,,,,,,,,,,,,,,,,,,,,,,,,,,
354,2020-10-10,,,,,,,,,,,,,,,,,,,,,,,,,,,,,,
355,2020-10-11,,,,,,,,,,,,,,,,,,,,,,,,,,,,,,
356,2020-10-12,,,,,,,,,,,,,,,,,,,,,,,,,,,,,,
